{
  "epochs": 8,
  "val_frac": 0,
  "loss_curves_by_lambda": {
    "0.9": [
      0.01642,
      0.00804,
      0.00725,
      0.00689,
      0.00668,
      0.00653,
      0.00644,
      0.0064
    ],
    "1.0": [
      0.01545,
      0.00674,
      0.00599,
      0.00566,
      0.00547,
      0.00534,
      0.00526,
      0.00522
    ]
  },
  "note": "train loss per epoch (deploy nets use val_frac 0; model selection is by games, not loss)"
}